label,prefix,device_count,interval_sec,payload_bytes,msgs_per_sec,samples,mean_create_to_normalized_ms,p50_create_to_normalized_ms,p95_create_to_normalized_ms,mean_create_to_measurement_ms,p50_create_to_measurement_ms,p95_create_to_measurement_ms,mean_create_to_enriched_ms,p50_create_to_enriched_ms,p95_create_to_enriched_ms,mean_create_to_postgres_ms,p50_create_to_postgres_ms,p95_create_to_postgres_ms
40 sensors,cnt40-,40,1,0,160.0,29800,10.325838926174496,9.0,13.0,-280.4597315436242,-275.0,-62.0,810.1442953020135,768.0,1497.0,1466.205033557047,1480.5,1541.0
80 sensors,cnt80-,80,1,0,320.0,59600,10.933892617449663,9.0,16.0,-180.506711409396,-151.0,150.0,920.1644295302012,913.5,1223.0,1418.9305369127517,1428.0,1494.0
120 sensors,cnt120-,120,1,0,480.0,89400,10.384004474272931,9.0,13.0,-328.67785234899327,-437.5,167.0,1046.6017897091722,1098.0,1450.0,1450.8712527964203,1448.0,1562.0
160 sensors,cnt160-,160,1,0,640.0,119200,10.66526845637584,9.0,13.0,-303.53355704697987,-274.0,134.0,936.5671140939596,936.5,1338.0,1398.1515939597316,1398.0,1502.0
200 sensors,cnt200-,200,1,0,800.0,149000,11.306442953020134,9.0,15.0,-365.28859060402687,-345.0,72.0,880.2818791946308,850.5,1333.0,1408.9341610738254,1412.0,1500.0
240 sensors,cnt240-,240,1,0,960.0,184800,12.011958874458877,10.0,17.0,-125.89069264069263,-287.0,180.0,1051.327922077922,857.5,1379.0,1595.7041666666669,1442.0,1564.0
280 sensors,cnt280-,280,1,0,1120.0,317100,12.87366761274046,12.0,18.0,6730.189530116682,-4.0,35120.0,7654.598233995585,1224.0,35188.0,8097.265657521287,1476.0,35492.0
